{
  "camera_tab": {
    "fov": 0.5005713,
    "height": 27.464441,
    "angle": 0.4818867,
    "distance": 50.0
  },
  "tiling_tab": {
    "data": {
      "elevation": 2.318203,
      "size": 15,
      "seed": 3569024512
    }
  }
}