{
  "camera_tab": {
    "fov": 1.5707964,
    "height": 4.4163184,
    "angle": 0.19993772,
    "distance": 13.511963
  },
  "tiling_tab": {
    "data": {
      "elevation": 0.1,
      "size": 6,
      "seed": 42
    }
  }
}